{
  "IsEncrypted": false,
  "Values": {
    "WEBSITE_SLOT_NAME": "Production",
    "clientsecret": "nZYoRca7bqINFivoiimPAZQO/thab7LLyHaPpR/eDws=",
    "FUNCTIONS_EXTENSION_VERSION": "~1",
    "ScmType": "None",
    "WEBSITE_AUTH_ENABLED": "False",
    "clientid": "ce85d218-fee0-430d-a6c9-c1875888382b",
    "AzureWebJobsDashboard": "DefaultEndpointsProtocol=https;AccountName=tf6qallctfluwazfunctions;AccountKey=PzQKGtxljz95BCk937ahzYl9S/ZrrTG5mO18FpzjsmerBaOvQfmeIqXOGuJ6P9mpt6pH6gJYC6vNHUk/2Mt+HQ==",
    "WEBSITE_NODE_DEFAULT_VERSION": "6.5.0",
    "WEBSITE_CONTENTAZUREFILECONNECTIONSTRING": "DefaultEndpointsProtocol=https;AccountName=tf6qallctfluwazfunctions;AccountKey=PzQKGtxljz95BCk937ahzYl9S/ZrrTG5mO18FpzjsmerBaOvQfmeIqXOGuJ6P9mpt6pH6gJYC6vNHUk/2Mt+HQ==",
    "WEBSITE_CONTENTSHARE": "powersheelfunction",
    "AzureWebJobsStorage": "DefaultEndpointsProtocol=https;AccountName=tf6qallctfluwazfunctions;AccountKey=PzQKGtxljz95BCk937ahzYl9S/ZrrTG5mO18FpzjsmerBaOvQfmeIqXOGuJ6P9mpt6pH6gJYC6vNHUk/2Mt+HQ==",
    "WEBSITE_SITE_NAME": "PowerSheelFunction",
    "tenantID": "f2d60021-0711-4ff3-b3f6-572c056aee04"
  }
}